-- Script de Prueba para Inserción de Datos
-- Este script crea datos de prueba para validar la estructura de BD

-- 1. Insertar Estatus de Tarea
INSERT INTO ESTATUS_TAREA (ID_ESTATUS, NOMBRE, ORDEN) VALUES (1, 'Pendiente', 1);
INSERT INTO ESTATUS_TAREA (ID_ESTATUS, NOMBRE, ORDEN) VALUES (2, 'En Progreso', 2);
INSERT INTO ESTATUS_TAREA (ID_ESTATUS, NOMBRE, ORDEN) VALUES (3, 'Completada', 3);
INSERT INTO ESTATUS_TAREA (ID_ESTATUS, NOMBRE, ORDEN) VALUES (4, 'Cancelada', 4);

-- 2. Insertar Prioridades
INSERT INTO PRIORIDAD_TAREA (ID_PRIORIDAD, NOMBRE, ORDEN) VALUES (1, 'Baja', 1);
INSERT INTO PRIORIDAD_TAREA (ID_PRIORIDAD, NOMBRE, ORDEN) VALUES (2, 'Media', 2);
INSERT INTO PRIORIDAD_TAREA (ID_PRIORIDAD, NOMBRE, ORDEN) VALUES (3, 'Alta', 3);
INSERT INTO PRIORIDAD_TAREA (ID_PRIORIDAD, NOMBRE, ORDEN) VALUES (4, 'Crítica', 4);

-- 3. Insertar Roles
INSERT INTO ROLES (ID_ROL, NOMBRE, DESCRIPCION) VALUES (1, 'Admin', 'Administrador del Sistema');
INSERT INTO ROLES (ID_ROL, NOMBRE, DESCRIPCION) VALUES (2, 'Gerente', 'Gerente de Proyectos');
INSERT INTO ROLES (ID_ROL, NOMBRE, DESCRIPCION) VALUES (3, 'Desarrollador', 'Desarrollador de Software');
INSERT INTO ROLES (ID_ROL, NOMBRE, DESCRIPCION) VALUES (4, 'QA', 'Analista de Calidad');

-- 4. Insertar Equipos
INSERT INTO EQUIPOS (ID_EQUIPO, NOMBRE) VALUES (1, 'Backend Development');
INSERT INTO EQUIPOS (ID_EQUIPO, NOMBRE) VALUES (2, 'Frontend Development');
INSERT INTO EQUIPOS (ID_EQUIPO, NOMBRE) VALUES (3, 'QA Team');
INSERT INTO EQUIPOS (ID_EQUIPO, NOMBRE) VALUES (4, 'DevOps Team');

-- 5. Insertar Usuarios
INSERT INTO USUARIOS (ID_USUARIO, ID_INTEGRATION_USUARIO, NOMBRE_USUARIO, NOMBRE_COMPLETO, ID_ROL, CREADO_EN)
VALUES (1, 'USR001', 'admin_user', 'Juan Carlos Pérez', 1, CURRENT_TIMESTAMP);

INSERT INTO USUARIOS (ID_USUARIO, ID_INTEGRATION_USUARIO, NOMBRE_USUARIO, NOMBRE_COMPLETO, ID_ROL, CREADO_EN)
VALUES (2, 'USR002', 'gerente_pm', 'María García López', 2, CURRENT_TIMESTAMP);

INSERT INTO USUARIOS (ID_USUARIO, ID_INTEGRATION_USUARIO, NOMBRE_USUARIO, NOMBRE_COMPLETO, ID_ROL, CREADO_EN)
VALUES (3, 'USR003', 'dev_java', 'Roberto Ramírez Torres', 3, CURRENT_TIMESTAMP);

INSERT INTO USUARIOS (ID_USUARIO, ID_INTEGRATION_USUARIO, NOMBRE_USUARIO, NOMBRE_COMPLETO, ID_ROL, CREADO_EN)
VALUES (4, 'USR004', 'dev_react', 'Sofia Martínez González', 3, CURRENT_TIMESTAMP);

INSERT INTO USUARIOS (ID_USUARIO, ID_INTEGRATION_USUARIO, NOMBRE_USUARIO, NOMBRE_COMPLETO, ID_ROL, CREADO_EN)
VALUES (5, 'USR005', 'qa_analyst', 'Carlos López Fernández', 4, CURRENT_TIMESTAMP);

-- 6. Insertar Tareas
INSERT INTO TAREAS (ID_TAREA, TITULO, DESCRIPCION, ID_ESTATUS, ID_PRIORIDAD, ID_USUARIO_CREADOR, ID_USUARIO_ASIGNADO, FECHA_VENCIMIENTO, CREADO_EN, ACTUALIZADO_EN)
VALUES (1, 'Implementar API de Usuarios', 'Crear endpoints REST para gestión de usuarios', 2, 3, 2, 3, TO_DATE('2026-05-15', 'YYYY-MM-DD'), CURRENT_TIMESTAMP, CURRENT_TIMESTAMP);

INSERT INTO TAREAS (ID_TAREA, TITULO, DESCRIPCION, ID_ESTATUS, ID_PRIORIDAD, ID_USUARIO_CREADOR, ID_USUARIO_ASIGNADO, FECHA_VENCIMIENTO, CREADO_EN, ACTUALIZADO_EN)
VALUES (2, 'Diseñar Interfaz Dashboard', 'Crear mockups y componentes React para dashboard', 1, 3, 2, 4, TO_DATE('2026-05-20', 'YYYY-MM-DD'), CURRENT_TIMESTAMP, CURRENT_TIMESTAMP);

INSERT INTO TAREAS (ID_TAREA, TITULO, DESCRIPCION, ID_ESTATUS, ID_PRIORIDAD, ID_USUARIO_CREADOR, ID_USUARIO_ASIGNADO, FECHA_VENCIMIENTO, CREADO_EN, ACTUALIZADO_EN)
VALUES (3, 'Realizar pruebas unitarias', 'Desarrollar pruebas para la capa de servicios', 1, 2, 2, 5, TO_DATE('2026-05-10', 'YYYY-MM-DD'), CURRENT_TIMESTAMP, CURRENT_TIMESTAMP);

INSERT INTO TAREAS (ID_TAREA, TITULO, DESCRIPCION, ID_ESTATUS, ID_PRIORIDAD, ID_USUARIO_CREADOR, ID_USUARIO_ASIGNADO, FECHA_VENCIMIENTO, CREADO_EN, ACTUALIZADO_EN)
VALUES (4, 'Documentar API', 'Generar documentación Swagger completa', 3, 1, 3, 3, TO_DATE('2026-04-30', 'YYYY-MM-DD'), CURRENT_TIMESTAMP, CURRENT_TIMESTAMP);

-- 7. Insertar Miembros de Equipo
INSERT INTO MIEMBROS_EQUIPO (ID_EQUIPO, ID_USUARIO, SE_UNIO_EN)
VALUES (1, 1, CURRENT_TIMESTAMP);

INSERT INTO MIEMBROS_EQUIPO (ID_EQUIPO, ID_USUARIO, SE_UNIO_EN)
VALUES (1, 3, CURRENT_TIMESTAMP);

INSERT INTO MIEMBROS_EQUIPO (ID_EQUIPO, ID_USUARIO, SE_UNIO_EN)
VALUES (2, 4, CURRENT_TIMESTAMP);

INSERT INTO MIEMBROS_EQUIPO (ID_EQUIPO, ID_USUARIO, SE_UNIO_EN)
VALUES (3, 5, CURRENT_TIMESTAMP);

-- 8. Insertar Comentarios de Tarea
INSERT INTO COMENTARIOS_TAREA (ID_COMENTARIO, ID_TAREA, ID_USUARIO_AUTOR, CUERPO, CREADO_EN)
VALUES (1, 1, 3, 'He completado la estructura base de la API', CURRENT_TIMESTAMP);

INSERT INTO COMENTARIOS_TAREA (ID_COMENTARIO, ID_TAREA, ID_USUARIO_AUTOR, CUERPO, CREADO_EN)
VALUES (2, 1, 2, 'Excelente trabajo, necesitamos agregar validaciones', CURRENT_TIMESTAMP);

-- 9. Insertar Evidencias de Tarea
INSERT INTO EVIDENCIAS_TAREA (ID_EVIDENCIA, ID_TAREA, ID_USUARIO_SUBIO, URL_ARCHIVO, NOTA, CREADO_EN)
VALUES (1, 4, 3, '/files/API_Documentation_v1.pdf', 'Documentación completa generada automáticamente', CURRENT_TIMESTAMP);

-- 10. Insertar Logs de Tarea (Auditoría de cambios)
INSERT INTO LOGS_TAREA (ID_LOG, ID_TAREA, ID_USUARIO, ID_ESTATUS_ORIGEN, ID_ESTATUS_DESTINO, MENSAJE, CREADO_EN)
VALUES (1, 1, 2, 1, 2, 'Tarea movida a En Progreso', CURRENT_TIMESTAMP);

INSERT INTO LOGS_TAREA (ID_LOG, ID_TAREA, ID_USUARIO, ID_ESTATUS_ORIGEN, ID_ESTATUS_DESTINO, MENSAJE, CREADO_EN)
VALUES (2, 4, 3, 2, 3, 'Tarea completada', CURRENT_TIMESTAMP);

-- Hacer commit
COMMIT;

-- Verificar datos insertados
SELECT 'Total de Estatus' AS TABLA, COUNT(*) AS CANTIDAD FROM ESTATUS_TAREA
UNION ALL
SELECT 'Total de Prioridades', COUNT(*) FROM PRIORIDAD_TAREA
UNION ALL
SELECT 'Total de Roles', COUNT(*) FROM ROLES
UNION ALL
SELECT 'Total de Equipos', COUNT(*) FROM EQUIPOS
UNION ALL
SELECT 'Total de Usuarios', COUNT(*) FROM USUARIOS
UNION ALL
SELECT 'Total de Tareas', COUNT(*) FROM TAREAS
UNION ALL
SELECT 'Total de Miembros de Equipo', COUNT(*) FROM MIEMBROS_EQUIPO
UNION ALL
SELECT 'Total de Comentarios', COUNT(*) FROM COMENTARIOS_TAREA
UNION ALL
SELECT 'Total de Evidencias', COUNT(*) FROM EVIDENCIAS_TAREA
UNION ALL
SELECT 'Total de Logs', COUNT(*) FROM LOGS_TAREA;
